<?xml version="1.0" standalone="no"?>
<manifest identifier="ostyn-AFE980F6-PSUK-2011-0926-B622A1EF5495" version="1.98.3 beta"
  xmlns="http://www.imsproject.org/xsd/imscp_rootv1p1p2"
  xmlns:adlcp="http://www.adlnet.org/xsd/adlcp_v1p3"
  xmlns:adlseq="http://www.adlnet.org/xsd/adlseq_v1p3"
  xmlns:adlnav="http://www.adlnet.org/xsd/adlnav_v1p3"
  xmlns:imsss="http://www.imsglobal.org/xsd/imsss"
  xmlns:xsi="http://www.w3.org/2001/XMLSchema-instance"
  xsi:schemaLocation="http://www.imsglobal.org/xsd/imscp_v1p1 imscp_v1p1.xsd
   http://www.imsglobal.org/xsd/imsss imsss_v1p0.xsd
   http://www.adlnet.org/xsd/adlcp_v1p3 adlcp_v1p3.xsd
  http://www.adlnet.org/xsd/adlseq_v1p3 adlseq_v1p3.xsd
  http://www.adlnet.org/xsd/adlnav_v1p3 adlnav_v1p3.xsd">
  <metadata>
    <schema>ADL SCORM</schema>
    <schemaversion>CAM 1.3</schemaversion>
    <adlcp:location>packagemetadata.xml</adlcp:location>
  </metadata>
  <organizations default="C98978EA-PSUK-2011-0926-B622A1EF5492">
    <organization identifier="C98978EA-PSUK-2011-0926-B622A1EF5492">
      <title>SCORM Diagnostic SCO multi 20110926</title>
      <item identifier="DB4B88FC-PSUK-2011-0926-B622A1EF5491" identifierref="EA10429C-PSUK-2011-0926-B622A1EF5491">
        <title>SCO ohne completion_threshold und ohne scaled_passing_score</title>
      </item>
      <item identifier="DB4B88FC-PSUK-2011-0926-B622A1EF5492" identifierref="EA10429C-PSUK-2011-0926-B622A1EF5492">
        <title>SCO mit completion_threshold aber ohne scaled_passing_score</title>
		<adlcp:completionThreshold>0.8</adlcp:completionThreshold>
      </item>
      <item identifier="DB4B88FC-PSUK-2011-0926-B622A1EF5493" identifierref="EA10429C-PSUK-2011-0926-B622A1EF5493">
        <title>SCO ohne completion_threshold aber mit scaled_passing_score</title>
		<imsss:sequencing>
			<imsss:objectives>
				<imsss:primaryObjective objectiveID="PRIMARYOBJ" satisfiedByMeasure="true">
					<imsss:minNormalizedMeasure>0.8</imsss:minNormalizedMeasure>
				</imsss:primaryObjective>
			</imsss:objectives>
		</imsss:sequencing>
      </item>
      <item identifier="DB4B88FC-PSUK-2011-0926-B622A1EF5494" identifierref="EA10429C-PSUK-2011-0926-B622A1EF5494">
        <title>SCO mit completion_threshold und mit scaled_passing_score</title>
		<imsss:sequencing>
			<imsss:objectives>
				<imsss:primaryObjective objectiveID="PRIMARYOBJ2" satisfiedByMeasure="true">
					<imsss:minNormalizedMeasure>0.8</imsss:minNormalizedMeasure>
				</imsss:primaryObjective>
			</imsss:objectives>
		</imsss:sequencing>
		<adlcp:completionThreshold>0.8</adlcp:completionThreshold>
      </item>
       <imsss:sequencing>
        <imsss:controlMode choiceExit="true" flow="true"/>
        <imsss:deliveryControls
            completionSetByContent="true"
            objectiveSetByContent="true "/>
      </imsss:sequencing>
    </organization>
  </organizations>
  <resources>
    <resource identifier="EA10429C-PSUK-2011-0926-B622A1EF5491" adlcp:scormType="sco"
       href="proddingsco1.htm" type="webcontent">
      <file href="proddingsco1.htm"/>
    </resource>
    <resource identifier="EA10429C-PSUK-2011-0926-B622A1EF5492" adlcp:scormType="sco"
       href="proddingsco2.htm" type="webcontent">
      <file href="proddingsco2.htm"/>
    </resource>
    <resource identifier="EA10429C-PSUK-2011-0926-B622A1EF5493" adlcp:scormType="sco"
       href="proddingsco3.htm" type="webcontent">
      <file href="proddingsco3.htm"/>
    </resource>
    <resource identifier="EA10429C-PSUK-2011-0926-B622A1EF5494" adlcp:scormType="sco"
       href="proddingsco4.htm" type="webcontent">
      <file href="proddingsco4.htm"/>
    </resource>
  </resources>
</manifest>

